,av_zone,down_rate,in_gb,instance_type,jobs_per,num_datasets,out_gb,out_gb_dl,on_demand_price_hr,proc_time,product,s3_dl_time,s3_req_cost,s3_storage_cost,s3_total_cost,s3_upl_time,s3_xfer_cost,static_ebs_storage_cost,on_demand_instance_cost,static_run_time,on_demand_total_cost,static_total_time,static_wait_time,up_rate,xfer_up_time
0,ap-northeast-1a,20,0.0071,c3.8xlarge,4,50,0.097,0.097,2.043,23940.0,Linux/UNIX,1940.0,0.000925,0.000118149543379,0.680043149543,388.0,0.679,0.489500219178,186.193,23940.0,187.362543369,26425.7777778,0,18,157.777777778
1,ap-northeast-1a,20,0.0071,c3.8xlarge,4,100,0.097,0.097,2.043,23940.0,Linux/UNIX,3880.0,0.00185,0.000472598173516,1.36032259817,776.0,1.358,1.46935561644,572.6,47880.0,575.429678215,52230.7555556,0,18,315.555555556
2,ap-northeast-1a,20,0.0071,c3.8xlarge,4,200,0.097,0.097,2.043,23940.0,Linux/UNIX,7760.0,0.0037,0.00189039269406,2.72159039269,1552.0,2.716,2.10785424658,818.04,71820.0,822.869444639,80521.5111111,0,18,631.111111111
3,ap-northeast-1a,20,0.0071,c3.8xlarge,4,500,0.097,0.097,2.043,23940.0,Linux/UNIX,19400.0,0.00925,0.0118149543379,6.81106495434,3880.0,6.79,4.96156931507,1922.34,167580.0,1934.11263427,188712.977778,0,18,1577.77777778
4,ap-northeast-1a,20,0.0071,c3.8xlarge,4,1000,0.097,0.097,2.043,23940.0,Linux/UNIX,38800.0,0.0185,0.0472598173516,13.6457598174,7760.0,13.58,9.22975561644,3558.34,311220.0,3581.21551543,353485.955556,0,18,3155.55555556
5,ap-northeast-1a,20,0.0071,c3.8xlarge,4,2000,0.097,0.097,2.043,23940.0,Linux/UNIX,77600.0,0.037,0.189039269406,27.3860392694,15520.0,27.16,17.9147243836,6830.38,598500.0,6875.68076365,683031.911111,0,18,6311.11111111
6,ap-northeast-1a,20,0.0071,c3.8xlarge,4,5000,0.097,0.097,2.043,23940.0,Linux/UNIX,194000.0,0.0925,1.18149543379,69.1739954338,38800.0,67.9,46.4321490411,17137.3,1508220.0,17252.9061445,1718308.17778,0,18,15777.7777778
7,ap-northeast-1a,20,0.0071,c3.8xlarge,4,10000,0.097,0.097,2.043,23940.0,Linux/UNIX,388000.0,0.185,4.72598173516,140.710981735,77600.0,135.8,97.0959715068,34029.16,2992500.0,34266.9669532,3412676.35556,0,18,31555.5555556
8,ap-northeast-1c,20,0.0071,c3.8xlarge,4,50,0.097,0.097,2.043,23940.0,Linux/UNIX,1940.0,0.000925,0.000118149543379,0.680043149543,388.0,0.679,0.489500219178,186.193,23940.0,187.362543369,26425.7777778,0,18,157.777777778
9,ap-northeast-1c,20,0.0071,c3.8xlarge,4,100,0.097,0.097,2.043,23940.0,Linux/UNIX,3880.0,0.00185,0.000472598173516,1.36032259817,776.0,1.358,1.46935561644,572.6,47880.0,575.429678215,52230.7555556,0,18,315.555555556
10,ap-northeast-1c,20,0.0071,c3.8xlarge,4,200,0.097,0.097,2.043,23940.0,Linux/UNIX,7760.0,0.0037,0.00189039269406,2.72159039269,1552.0,2.716,2.10785424658,818.04,71820.0,822.869444639,80521.5111111,0,18,631.111111111
11,ap-northeast-1c,20,0.0071,c3.8xlarge,4,500,0.097,0.097,2.043,23940.0,Linux/UNIX,19400.0,0.00925,0.0118149543379,6.81106495434,3880.0,6.79,4.96156931507,1922.34,167580.0,1934.11263427,188712.977778,0,18,1577.77777778
12,ap-northeast-1c,20,0.0071,c3.8xlarge,4,1000,0.097,0.097,2.043,23940.0,Linux/UNIX,38800.0,0.0185,0.0472598173516,13.6457598174,7760.0,13.58,9.22975561644,3558.34,311220.0,3581.21551543,353485.955556,0,18,3155.55555556
13,ap-northeast-1c,20,0.0071,c3.8xlarge,4,2000,0.097,0.097,2.043,23940.0,Linux/UNIX,77600.0,0.037,0.189039269406,27.3860392694,15520.0,27.16,17.9147243836,6830.38,598500.0,6875.68076365,683031.911111,0,18,6311.11111111
14,ap-northeast-1c,20,0.0071,c3.8xlarge,4,5000,0.097,0.097,2.043,23940.0,Linux/UNIX,194000.0,0.0925,1.18149543379,69.1739954338,38800.0,67.9,46.4321490411,17137.3,1508220.0,17252.9061445,1718308.17778,0,18,15777.7777778
15,ap-northeast-1c,20,0.0071,c3.8xlarge,4,10000,0.097,0.097,2.043,23940.0,Linux/UNIX,388000.0,0.185,4.72598173516,140.710981735,77600.0,135.8,97.0959715068,34029.16,2992500.0,34266.9669532,3412676.35556,0,18,31555.5555556
16,ap-southeast-1a,20,0.0071,c3.8xlarge,4,50,0.097,0.097,2.117,23940.0,Linux/UNIX,1940.0,0.001,0.000107408675799,0.583107408676,388.0,0.582,0.489500219178,192.927,23940.0,193.999607628,26425.7777778,0,18,157.777777778
17,ap-southeast-1a,20,0.0071,c3.8xlarge,4,100,0.097,0.097,2.117,23940.0,Linux/UNIX,3880.0,0.002,0.000429634703196,1.1664296347,776.0,1.164,1.46935561644,593.32,47880.0,595.955785251,52230.7555556,0,18,315.555555556
18,ap-southeast-1a,20,0.0071,c3.8xlarge,4,200,0.097,0.097,2.117,23940.0,Linux/UNIX,7760.0,0.004,0.00171853881279,2.33371853881,1552.0,2.328,2.10785424658,847.64,71820.0,852.081572785,80521.5111111,0,18,631.111111111
19,ap-southeast-1a,20,0.0071,c3.8xlarge,4,500,0.097,0.097,2.117,23940.0,Linux/UNIX,19400.0,0.01,0.0107408675799,5.84074086758,3880.0,5.82,4.96156931507,1991.9,167580.0,2002.70231018,188712.977778,0,18,1577.77777778
20,ap-southeast-1a,20,0.0071,c3.8xlarge,4,1000,0.097,0.097,2.117,23940.0,Linux/UNIX,38800.0,0.02,0.0429634703196,11.7029634703,7760.0,11.64,9.22975561644,3687.1,311220.0,3708.03271909,353485.955556,0,18,3155.55555556
21,ap-southeast-1a,20,0.0071,c3.8xlarge,4,2000,0.097,0.097,2.117,23940.0,Linux/UNIX,77600.0,0.04,0.171853881279,23.4918538813,15520.0,23.28,17.9147243836,7077.54,598500.0,7118.94657826,683031.911111,0,18,6311.11111111
22,ap-southeast-1a,20,0.0071,c3.8xlarge,4,5000,0.097,0.097,2.117,23940.0,Linux/UNIX,194000.0,0.1,1.07408675799,59.374086758,38800.0,58.2,46.4321490411,17757.42,1508220.0,17863.2262358,1718308.17778,0,18,15777.7777778
23,ap-southeast-1a,20,0.0071,c3.8xlarge,4,10000,0.097,0.097,2.117,23940.0,Linux/UNIX,388000.0,0.2,4.29634703196,120.896347032,77600.0,116.4,97.0959715068,35260.52,2992500.0,35478.5123185,3412676.35556,0,18,31555.5555556
24,ap-southeast-1b,20,0.0071,c3.8xlarge,4,50,0.097,0.097,2.117,23940.0,Linux/UNIX,1940.0,0.001,0.000107408675799,0.583107408676,388.0,0.582,0.489500219178,192.927,23940.0,193.999607628,26425.7777778,0,18,157.777777778
25,ap-southeast-1b,20,0.0071,c3.8xlarge,4,100,0.097,0.097,2.117,23940.0,Linux/UNIX,3880.0,0.002,0.000429634703196,1.1664296347,776.0,1.164,1.46935561644,593.32,47880.0,595.955785251,52230.7555556,0,18,315.555555556
26,ap-southeast-1b,20,0.0071,c3.8xlarge,4,200,0.097,0.097,2.117,23940.0,Linux/UNIX,7760.0,0.004,0.00171853881279,2.33371853881,1552.0,2.328,2.10785424658,847.64,71820.0,852.081572785,80521.5111111,0,18,631.111111111
27,ap-southeast-1b,20,0.0071,c3.8xlarge,4,500,0.097,0.097,2.117,23940.0,Linux/UNIX,19400.0,0.01,0.0107408675799,5.84074086758,3880.0,5.82,4.96156931507,1991.9,167580.0,2002.70231018,188712.977778,0,18,1577.77777778
28,ap-southeast-1b,20,0.0071,c3.8xlarge,4,1000,0.097,0.097,2.117,23940.0,Linux/UNIX,38800.0,0.02,0.0429634703196,11.7029634703,7760.0,11.64,9.22975561644,3687.1,311220.0,3708.03271909,353485.955556,0,18,3155.55555556
29,ap-southeast-1b,20,0.0071,c3.8xlarge,4,2000,0.097,0.097,2.117,23940.0,Linux/UNIX,77600.0,0.04,0.171853881279,23.4918538813,15520.0,23.28,17.9147243836,7077.54,598500.0,7118.94657826,683031.911111,0,18,6311.11111111
30,ap-southeast-1b,20,0.0071,c3.8xlarge,4,5000,0.097,0.097,2.117,23940.0,Linux/UNIX,194000.0,0.1,1.07408675799,59.374086758,38800.0,58.2,46.4321490411,17757.42,1508220.0,17863.2262358,1718308.17778,0,18,15777.7777778
31,ap-southeast-1b,20,0.0071,c3.8xlarge,4,10000,0.097,0.097,2.117,23940.0,Linux/UNIX,388000.0,0.2,4.29634703196,120.896347032,77600.0,116.4,97.0959715068,35260.52,2992500.0,35478.5123185,3412676.35556,0,18,31555.5555556
32,ap-southeast-2a,20,0.0071,c3.8xlarge,4,50,0.097,0.097,2.117,23940.0,Linux/UNIX,1940.0,0.0011,0.000118149543379,0.680218149543,388.0,0.679,0.489500219178,192.927,23940.0,194.096718369,26425.7777778,0,18,157.777777778
33,ap-southeast-2a,20,0.0071,c3.8xlarge,4,100,0.097,0.097,2.117,23940.0,Linux/UNIX,3880.0,0.0022,0.000472598173516,1.36067259817,776.0,1.358,1.46935561644,593.32,47880.0,596.150028215,52230.7555556,0,18,315.555555556
34,ap-southeast-2a,20,0.0071,c3.8xlarge,4,200,0.097,0.097,2.117,23940.0,Linux/UNIX,7760.0,0.0044,0.00189039269406,2.72229039269,1552.0,2.716,2.10785424658,847.64,71820.0,852.470144639,80521.5111111,0,18,631.111111111
35,ap-southeast-2a,20,0.0071,c3.8xlarge,4,500,0.097,0.097,2.117,23940.0,Linux/UNIX,19400.0,0.011,0.0118149543379,6.81281495434,3880.0,6.79,4.96156931507,1991.9,167580.0,2003.67438427,188712.977778,0,18,1577.77777778
36,ap-southeast-2a,20,0.0071,c3.8xlarge,4,1000,0.097,0.097,2.117,23940.0,Linux/UNIX,38800.0,0.022,0.0472598173516,13.6492598174,7760.0,13.58,9.22975561644,3687.1,311220.0,3709.97901543,353485.955556,0,18,3155.55555556
37,ap-southeast-2a,20,0.0071,c3.8xlarge,4,2000,0.097,0.097,2.117,23940.0,Linux/UNIX,77600.0,0.044,0.189039269406,27.3930392694,15520.0,27.16,17.9147243836,7077.54,598500.0,7122.84776365,683031.911111,0,18,6311.11111111
38,ap-southeast-2a,20,0.0071,c3.8xlarge,4,5000,0.097,0.097,2.117,23940.0,Linux/UNIX,194000.0,0.11,1.18149543379,69.1914954338,38800.0,67.9,46.4321490411,17757.42,1508220.0,17873.0436445,1718308.17778,0,18,15777.7777778
39,ap-southeast-2a,20,0.0071,c3.8xlarge,4,10000,0.097,0.097,2.117,23940.0,Linux/UNIX,388000.0,0.22,4.72598173516,140.745981735,77600.0,135.8,97.0959715068,35260.52,2992500.0,35498.3619532,3412676.35556,0,18,31555.5555556
40,ap-southeast-2b,20,0.0071,c3.8xlarge,4,50,0.097,0.097,2.117,23940.0,Linux/UNIX,1940.0,0.0011,0.000118149543379,0.680218149543,388.0,0.679,0.489500219178,192.927,23940.0,194.096718369,26425.7777778,0,18,157.777777778
41,ap-southeast-2b,20,0.0071,c3.8xlarge,4,100,0.097,0.097,2.117,23940.0,Linux/UNIX,3880.0,0.0022,0.000472598173516,1.36067259817,776.0,1.358,1.46935561644,593.32,47880.0,596.150028215,52230.7555556,0,18,315.555555556
42,ap-southeast-2b,20,0.0071,c3.8xlarge,4,200,0.097,0.097,2.117,23940.0,Linux/UNIX,7760.0,0.0044,0.00189039269406,2.72229039269,1552.0,2.716,2.10785424658,847.64,71820.0,852.470144639,80521.5111111,0,18,631.111111111
43,ap-southeast-2b,20,0.0071,c3.8xlarge,4,500,0.097,0.097,2.117,23940.0,Linux/UNIX,19400.0,0.011,0.0118149543379,6.81281495434,3880.0,6.79,4.96156931507,1991.9,167580.0,2003.67438427,188712.977778,0,18,1577.77777778
44,ap-southeast-2b,20,0.0071,c3.8xlarge,4,1000,0.097,0.097,2.117,23940.0,Linux/UNIX,38800.0,0.022,0.0472598173516,13.6492598174,7760.0,13.58,9.22975561644,3687.1,311220.0,3709.97901543,353485.955556,0,18,3155.55555556
45,ap-southeast-2b,20,0.0071,c3.8xlarge,4,2000,0.097,0.097,2.117,23940.0,Linux/UNIX,77600.0,0.044,0.189039269406,27.3930392694,15520.0,27.16,17.9147243836,7077.54,598500.0,7122.84776365,683031.911111,0,18,6311.11111111
46,ap-southeast-2b,20,0.0071,c3.8xlarge,4,5000,0.097,0.097,2.117,23940.0,Linux/UNIX,194000.0,0.11,1.18149543379,69.1914954338,38800.0,67.9,46.4321490411,17757.42,1508220.0,17873.0436445,1718308.17778,0,18,15777.7777778
47,ap-southeast-2b,20,0.0071,c3.8xlarge,4,10000,0.097,0.097,2.117,23940.0,Linux/UNIX,388000.0,0.22,4.72598173516,140.745981735,77600.0,135.8,97.0959715068,35260.52,2992500.0,35498.3619532,3412676.35556,0,18,31555.5555556
48,eu-central-1a,20,0.0071,c3.8xlarge,4,50,0.097,0.097,2.064,23940.0,Linux/UNIX,1940.0,0.001075,0.000116001369863,0.43769100137,388.0,0.4365,0.485421050685,188.034,23940.0,188.957112052,26425.7777778,0,18,157.777777778
49,eu-central-1a,20,0.0071,c3.8xlarge,4,100,0.097,0.097,2.064,23940.0,Linux/UNIX,3880.0,0.00215,0.000464005479452,0.875614005479,776.0,0.873,1.4571109863,578.34,47880.0,580.672724992,52230.7555556,0,18,315.555555556
50,eu-central-1a,20,0.0071,c3.8xlarge,4,200,0.097,0.097,2.064,23940.0,Linux/UNIX,7760.0,0.0043,0.00185602191781,1.75215602192,1552.0,1.746,2.09028879452,826.23,71820.0,830.072444816,80521.5111111,0,18,631.111111111
51,eu-central-1a,20,0.0071,c3.8xlarge,4,500,0.097,0.097,2.064,23940.0,Linux/UNIX,19400.0,0.01075,0.0116001369863,4.38735013699,3880.0,4.365,4.92022290411,1941.6,167580.0,1950.90757304,188712.977778,0,18,1577.77777778
52,eu-central-1a,20,0.0071,c3.8xlarge,4,1000,0.097,0.097,2.064,23940.0,Linux/UNIX,38800.0,0.0215,0.0464005479452,8.79790054795,7760.0,8.73,9.1528409863,3594.0,311220.0,3611.95074153,353485.955556,0,18,3155.55555556
53,eu-central-1a,20,0.0071,c3.8xlarge,4,2000,0.097,0.097,2.064,23940.0,Linux/UNIX,77600.0,0.043,0.185602191781,17.6886021918,15520.0,17.46,17.7654350137,6898.83,598500.0,6934.28403721,683031.911111,0,18,6311.11111111
54,eu-central-1a,20,0.0071,c3.8xlarge,4,5000,0.097,0.097,2.064,23940.0,Linux/UNIX,194000.0,0.1075,1.16001369863,44.9175136986,38800.0,43.65,46.0452144658,17309.04,1508220.0,17400.0027282,1718308.17778,0,18,15777.7777778
55,eu-central-1a,20,0.0071,c3.8xlarge,4,10000,0.097,0.097,2.064,23940.0,Linux/UNIX,388000.0,0.215,4.64005479452,92.1550547945,77600.0,87.3,96.286838411,34370.19,2992500.0,34558.6318932,3412676.35556,0,18,31555.5555556
56,eu-central-1b,20,0.0071,c3.8xlarge,4,50,0.097,0.097,2.064,23940.0,Linux/UNIX,1940.0,0.001075,0.000116001369863,0.43769100137,388.0,0.4365,0.485421050685,188.034,23940.0,188.957112052,26425.7777778,0,18,157.777777778
57,eu-central-1b,20,0.0071,c3.8xlarge,4,100,0.097,0.097,2.064,23940.0,Linux/UNIX,3880.0,0.00215,0.000464005479452,0.875614005479,776.0,0.873,1.4571109863,578.34,47880.0,580.672724992,52230.7555556,0,18,315.555555556
58,eu-central-1b,20,0.0071,c3.8xlarge,4,200,0.097,0.097,2.064,23940.0,Linux/UNIX,7760.0,0.0043,0.00185602191781,1.75215602192,1552.0,1.746,2.09028879452,826.23,71820.0,830.072444816,80521.5111111,0,18,631.111111111
59,eu-central-1b,20,0.0071,c3.8xlarge,4,500,0.097,0.097,2.064,23940.0,Linux/UNIX,19400.0,0.01075,0.0116001369863,4.38735013699,3880.0,4.365,4.92022290411,1941.6,167580.0,1950.90757304,188712.977778,0,18,1577.77777778
60,eu-central-1b,20,0.0071,c3.8xlarge,4,1000,0.097,0.097,2.064,23940.0,Linux/UNIX,38800.0,0.0215,0.0464005479452,8.79790054795,7760.0,8.73,9.1528409863,3594.0,311220.0,3611.95074153,353485.955556,0,18,3155.55555556
61,eu-central-1b,20,0.0071,c3.8xlarge,4,2000,0.097,0.097,2.064,23940.0,Linux/UNIX,77600.0,0.043,0.185602191781,17.6886021918,15520.0,17.46,17.7654350137,6898.83,598500.0,6934.28403721,683031.911111,0,18,6311.11111111
62,eu-central-1b,20,0.0071,c3.8xlarge,4,5000,0.097,0.097,2.064,23940.0,Linux/UNIX,194000.0,0.1075,1.16001369863,44.9175136986,38800.0,43.65,46.0452144658,17309.04,1508220.0,17400.0027282,1718308.17778,0,18,15777.7777778
63,eu-central-1b,20,0.0071,c3.8xlarge,4,10000,0.097,0.097,2.064,23940.0,Linux/UNIX,388000.0,0.215,4.64005479452,92.1550547945,77600.0,87.3,96.286838411,34370.19,2992500.0,34558.6318932,3412676.35556,0,18,31555.5555556
64,eu-west-1a,20,0.0071,c3.8xlarge,4,50,0.097,0.097,1.912,23940.0,Linux/UNIX,1940.0,0.001,0.000107408675799,0.437607408676,388.0,0.4365,0.448708534247,174.188,23940.0,175.074315943,26425.7777778,0,18,157.777777778
65,eu-west-1a,20,0.0071,c3.8xlarge,4,100,0.097,0.097,1.912,23940.0,Linux/UNIX,3880.0,0.002,0.000429634703196,0.875429634703,776.0,0.873,1.34690931507,535.752,47880.0,537.97433895,52230.7555556,0,18,315.555555556
66,eu-west-1a,20,0.0071,c3.8xlarge,4,200,0.097,0.097,1.912,23940.0,Linux/UNIX,7760.0,0.004,0.00171853881279,1.75171853881,1552.0,1.746,1.93219972603,765.388,71820.0,769.071918265,80521.5111111,0,18,631.111111111
67,eu-west-1a,20,0.0071,c3.8xlarge,4,500,0.097,0.097,1.912,23940.0,Linux/UNIX,19400.0,0.01,0.0107408675799,4.38574086758,3880.0,4.365,4.54810520548,1798.624,167580.0,1807.55784607,188712.977778,0,18,1577.77777778
68,eu-west-1a,20,0.0071,c3.8xlarge,4,1000,0.097,0.097,1.912,23940.0,Linux/UNIX,38800.0,0.02,0.0429634703196,8.79296347032,7760.0,8.73,8.46060931507,3329.344,311220.0,3346.59757279,353485.955556,0,18,3155.55555556
69,eu-west-1a,20,0.0071,c3.8xlarge,4,2000,0.097,0.097,1.912,23940.0,Linux/UNIX,77600.0,0.04,0.171853881279,17.6718538813,15520.0,17.46,16.4218306849,6390.812,598500.0,6424.90568457,683031.911111,0,18,6311.11111111
70,eu-west-1a,20,0.0071,c3.8xlarge,4,5000,0.097,0.097,1.912,23940.0,Linux/UNIX,194000.0,0.1,1.07408675799,44.824086758,38800.0,43.65,42.5628032877,16034.432,1508220.0,16121.81889,1718308.17778,0,18,15777.7777778
71,eu-west-1a,20,0.0071,c3.8xlarge,4,10000,0.097,0.097,1.912,23940.0,Linux/UNIX,388000.0,0.2,4.29634703196,91.796347032,77600.0,87.3,89.0046405479,31839.228,2992500.0,32020.0289876,3412676.35556,0,18,31555.5555556
72,eu-west-1b,20,0.0071,c3.8xlarge,4,50,0.097,0.097,1.912,23940.0,Linux/UNIX,1940.0,0.001,0.000107408675799,0.437607408676,388.0,0.4365,0.448708534247,174.188,23940.0,175.074315943,26425.7777778,0,18,157.777777778
73,eu-west-1b,20,0.0071,c3.8xlarge,4,100,0.097,0.097,1.912,23940.0,Linux/UNIX,3880.0,0.002,0.000429634703196,0.875429634703,776.0,0.873,1.34690931507,535.752,47880.0,537.97433895,52230.7555556,0,18,315.555555556
74,eu-west-1b,20,0.0071,c3.8xlarge,4,200,0.097,0.097,1.912,23940.0,Linux/UNIX,7760.0,0.004,0.00171853881279,1.75171853881,1552.0,1.746,1.93219972603,765.388,71820.0,769.071918265,80521.5111111,0,18,631.111111111
75,eu-west-1b,20,0.0071,c3.8xlarge,4,500,0.097,0.097,1.912,23940.0,Linux/UNIX,19400.0,0.01,0.0107408675799,4.38574086758,3880.0,4.365,4.54810520548,1798.624,167580.0,1807.55784607,188712.977778,0,18,1577.77777778
76,eu-west-1b,20,0.0071,c3.8xlarge,4,1000,0.097,0.097,1.912,23940.0,Linux/UNIX,38800.0,0.02,0.0429634703196,8.79296347032,7760.0,8.73,8.46060931507,3329.344,311220.0,3346.59757279,353485.955556,0,18,3155.55555556
77,eu-west-1b,20,0.0071,c3.8xlarge,4,2000,0.097,0.097,1.912,23940.0,Linux/UNIX,77600.0,0.04,0.171853881279,17.6718538813,15520.0,17.46,16.4218306849,6390.812,598500.0,6424.90568457,683031.911111,0,18,6311.11111111
78,eu-west-1b,20,0.0071,c3.8xlarge,4,5000,0.097,0.097,1.912,23940.0,Linux/UNIX,194000.0,0.1,1.07408675799,44.824086758,38800.0,43.65,42.5628032877,16034.432,1508220.0,16121.81889,1718308.17778,0,18,15777.7777778
79,eu-west-1b,20,0.0071,c3.8xlarge,4,10000,0.097,0.097,1.912,23940.0,Linux/UNIX,388000.0,0.2,4.29634703196,91.796347032,77600.0,87.3,89.0046405479,31839.228,2992500.0,32020.0289876,3412676.35556,0,18,31555.5555556
80,eu-west-1c,20,0.0071,c3.8xlarge,4,50,0.097,0.097,1.912,23940.0,Linux/UNIX,1940.0,0.001,0.000107408675799,0.437607408676,388.0,0.4365,0.448708534247,174.188,23940.0,175.074315943,26425.7777778,0,18,157.777777778
81,eu-west-1c,20,0.0071,c3.8xlarge,4,100,0.097,0.097,1.912,23940.0,Linux/UNIX,3880.0,0.002,0.000429634703196,0.875429634703,776.0,0.873,1.34690931507,535.752,47880.0,537.97433895,52230.7555556,0,18,315.555555556
82,eu-west-1c,20,0.0071,c3.8xlarge,4,200,0.097,0.097,1.912,23940.0,Linux/UNIX,7760.0,0.004,0.00171853881279,1.75171853881,1552.0,1.746,1.93219972603,765.388,71820.0,769.071918265,80521.5111111,0,18,631.111111111
83,eu-west-1c,20,0.0071,c3.8xlarge,4,500,0.097,0.097,1.912,23940.0,Linux/UNIX,19400.0,0.01,0.0107408675799,4.38574086758,3880.0,4.365,4.54810520548,1798.624,167580.0,1807.55784607,188712.977778,0,18,1577.77777778
84,eu-west-1c,20,0.0071,c3.8xlarge,4,1000,0.097,0.097,1.912,23940.0,Linux/UNIX,38800.0,0.02,0.0429634703196,8.79296347032,7760.0,8.73,8.46060931507,3329.344,311220.0,3346.59757279,353485.955556,0,18,3155.55555556
85,eu-west-1c,20,0.0071,c3.8xlarge,4,2000,0.097,0.097,1.912,23940.0,Linux/UNIX,77600.0,0.04,0.171853881279,17.6718538813,15520.0,17.46,16.4218306849,6390.812,598500.0,6424.90568457,683031.911111,0,18,6311.11111111
86,eu-west-1c,20,0.0071,c3.8xlarge,4,5000,0.097,0.097,1.912,23940.0,Linux/UNIX,194000.0,0.1,1.07408675799,44.824086758,38800.0,43.65,42.5628032877,16034.432,1508220.0,16121.81889,1718308.17778,0,18,15777.7777778
87,eu-west-1c,20,0.0071,c3.8xlarge,4,10000,0.097,0.097,1.912,23940.0,Linux/UNIX,388000.0,0.2,4.29634703196,91.796347032,77600.0,87.3,89.0046405479,31839.228,2992500.0,32020.0289876,3412676.35556,0,18,31555.5555556
88,sa-east-1a,20,0.0071,c3.8xlarge,4,50,0.097,0.097,2.6,23940.0,Linux/UNIX,1940.0,0.0014,0.000146075799087,1.2140460758,388.0,1.2125,0.775042013699,236.978,23940.0,238.967088089,26425.7777778,0,18,157.777777778
89,sa-east-1a,20,0.0071,c3.8xlarge,4,100,0.097,0.097,2.6,23940.0,Linux/UNIX,3880.0,0.0028,0.000584303196347,2.4283843032,776.0,2.425,2.32647972603,728.756,47880.0,733.510864029,52230.7555556,0,18,315.555555556
90,sa-east-1a,20,0.0071,c3.8xlarge,4,200,0.097,0.097,2.6,23940.0,Linux/UNIX,7760.0,0.0056,0.00233721278539,4.85793721279,1552.0,4.85,3.33743589041,1041.134,71820.0,1049.3293731,80521.5111111,0,18,631.111111111
91,sa-east-1a,20,0.0071,c3.8xlarge,4,500,0.097,0.097,2.6,23940.0,Linux/UNIX,19400.0,0.014,0.0146075799087,12.1536075799,3880.0,12.125,7.85581808219,2446.592,167580.0,2466.60142566,188712.977778,0,18,1577.77777778
92,sa-east-1a,20,0.0071,c3.8xlarge,4,1000,0.097,0.097,2.6,23940.0,Linux/UNIX,38800.0,0.028,0.0584303196347,24.3364303196,7760.0,24.25,14.613779726,4528.752,311220.0,4567.70221005,353485.955556,0,18,3155.55555556
93,sa-east-1a,20,0.0071,c3.8xlarge,4,2000,0.097,0.097,2.6,23940.0,Linux/UNIX,77600.0,0.056,0.233721278539,48.7897212785,15520.0,48.5,28.364980274,8693.126,598500.0,8770.28070155,683031.911111,0,18,6311.11111111
94,sa-east-1a,20,0.0071,c3.8xlarge,4,5000,0.097,0.097,2.6,23940.0,Linux/UNIX,194000.0,0.14,1.46075799087,122.850757991,38800.0,121.25,73.5175693151,21810.896,1508220.0,22007.2643273,1718308.17778,0,18,15777.7777778
95,sa-east-1a,20,0.0071,c3.8xlarge,4,10000,0.097,0.097,2.6,23940.0,Linux/UNIX,388000.0,0.28,5.84303196347,248.623031963,77600.0,242.5,153.735288219,43309.414,2992500.0,43711.7723202,3412676.35556,0,18,31555.5555556
96,sa-east-1b,20,0.0071,c3.8xlarge,4,50,0.097,0.097,2.6,23940.0,Linux/UNIX,1940.0,0.0014,0.000146075799087,1.2140460758,388.0,1.2125,0.775042013699,236.978,23940.0,238.967088089,26425.7777778,0,18,157.777777778
97,sa-east-1b,20,0.0071,c3.8xlarge,4,100,0.097,0.097,2.6,23940.0,Linux/UNIX,3880.0,0.0028,0.000584303196347,2.4283843032,776.0,2.425,2.32647972603,728.756,47880.0,733.510864029,52230.7555556,0,18,315.555555556
98,sa-east-1b,20,0.0071,c3.8xlarge,4,200,0.097,0.097,2.6,23940.0,Linux/UNIX,7760.0,0.0056,0.00233721278539,4.85793721279,1552.0,4.85,3.33743589041,1041.134,71820.0,1049.3293731,80521.5111111,0,18,631.111111111
99,sa-east-1b,20,0.0071,c3.8xlarge,4,500,0.097,0.097,2.6,23940.0,Linux/UNIX,19400.0,0.014,0.0146075799087,12.1536075799,3880.0,12.125,7.85581808219,2446.592,167580.0,2466.60142566,188712.977778,0,18,1577.77777778
100,sa-east-1b,20,0.0071,c3.8xlarge,4,1000,0.097,0.097,2.6,23940.0,Linux/UNIX,38800.0,0.028,0.0584303196347,24.3364303196,7760.0,24.25,14.613779726,4528.752,311220.0,4567.70221005,353485.955556,0,18,3155.55555556
101,sa-east-1b,20,0.0071,c3.8xlarge,4,2000,0.097,0.097,2.6,23940.0,Linux/UNIX,77600.0,0.056,0.233721278539,48.7897212785,15520.0,48.5,28.364980274,8693.126,598500.0,8770.28070155,683031.911111,0,18,6311.11111111
102,sa-east-1b,20,0.0071,c3.8xlarge,4,5000,0.097,0.097,2.6,23940.0,Linux/UNIX,194000.0,0.14,1.46075799087,122.850757991,38800.0,121.25,73.5175693151,21810.896,1508220.0,22007.2643273,1718308.17778,0,18,15777.7777778
103,sa-east-1b,20,0.0071,c3.8xlarge,4,10000,0.097,0.097,2.6,23940.0,Linux/UNIX,388000.0,0.28,5.84303196347,248.623031963,77600.0,242.5,153.735288219,43309.414,2992500.0,43711.7723202,3412676.35556,0,18,31555.5555556
104,sa-east-1c,20,0.0071,c3.8xlarge,4,50,0.097,0.097,2.6,23940.0,Linux/UNIX,1940.0,0.0014,0.000146075799087,1.2140460758,388.0,1.2125,0.775042013699,236.978,23940.0,238.967088089,26425.7777778,0,18,157.777777778
105,sa-east-1c,20,0.0071,c3.8xlarge,4,100,0.097,0.097,2.6,23940.0,Linux/UNIX,3880.0,0.0028,0.000584303196347,2.4283843032,776.0,2.425,2.32647972603,728.756,47880.0,733.510864029,52230.7555556,0,18,315.555555556
106,sa-east-1c,20,0.0071,c3.8xlarge,4,200,0.097,0.097,2.6,23940.0,Linux/UNIX,7760.0,0.0056,0.00233721278539,4.85793721279,1552.0,4.85,3.33743589041,1041.134,71820.0,1049.3293731,80521.5111111,0,18,631.111111111
107,sa-east-1c,20,0.0071,c3.8xlarge,4,500,0.097,0.097,2.6,23940.0,Linux/UNIX,19400.0,0.014,0.0146075799087,12.1536075799,3880.0,12.125,7.85581808219,2446.592,167580.0,2466.60142566,188712.977778,0,18,1577.77777778
108,sa-east-1c,20,0.0071,c3.8xlarge,4,1000,0.097,0.097,2.6,23940.0,Linux/UNIX,38800.0,0.028,0.0584303196347,24.3364303196,7760.0,24.25,14.613779726,4528.752,311220.0,4567.70221005,353485.955556,0,18,3155.55555556
109,sa-east-1c,20,0.0071,c3.8xlarge,4,2000,0.097,0.097,2.6,23940.0,Linux/UNIX,77600.0,0.056,0.233721278539,48.7897212785,15520.0,48.5,28.364980274,8693.126,598500.0,8770.28070155,683031.911111,0,18,6311.11111111
110,sa-east-1c,20,0.0071,c3.8xlarge,4,5000,0.097,0.097,2.6,23940.0,Linux/UNIX,194000.0,0.14,1.46075799087,122.850757991,38800.0,121.25,73.5175693151,21810.896,1508220.0,22007.2643273,1718308.17778,0,18,15777.7777778
111,sa-east-1c,20,0.0071,c3.8xlarge,4,10000,0.097,0.097,2.6,23940.0,Linux/UNIX,388000.0,0.28,5.84303196347,248.623031963,77600.0,242.5,153.735288219,43309.414,2992500.0,43711.7723202,3412676.35556,0,18,31555.5555556
112,us-east-1a,20,0.0071,c3.8xlarge,4,50,0.097,0.097,1.68,23940.0,Linux/UNIX,1940.0,0.001,0.000107408675799,0.437607408676,388.0,0.4365,0.407916849315,153.062,23940.0,153.907524258,26425.7777778,0,18,157.777777778
113,us-east-1a,20,0.0071,c3.8xlarge,4,100,0.097,0.097,1.68,23940.0,Linux/UNIX,3880.0,0.002,0.000429634703196,0.875429634703,776.0,0.873,1.2244630137,470.764,47880.0,472.863892648,52230.7555556,0,18,315.555555556
114,us-east-1a,20,0.0071,c3.8xlarge,4,200,0.097,0.097,1.68,23940.0,Linux/UNIX,7760.0,0.004,0.00171853881279,1.75171853881,1552.0,1.746,1.75654520548,672.546,71820.0,676.054263744,80521.5111111,0,18,631.111111111
115,us-east-1a,20,0.0071,c3.8xlarge,4,500,0.097,0.097,1.68,23940.0,Linux/UNIX,19400.0,0.01,0.0107408675799,4.38574086758,3880.0,4.365,4.13464109589,1580.448,167580.0,1588.96838196,188712.977778,0,18,1577.77777778
116,us-east-1a,20,0.0071,c3.8xlarge,4,1000,0.097,0.097,1.68,23940.0,Linux/UNIX,38800.0,0.02,0.0429634703196,8.79296347032,7760.0,8.73,7.6914630137,2925.488,311220.0,2941.97242648,353485.955556,0,18,3155.55555556
117,us-east-1a,20,0.0071,c3.8xlarge,4,2000,0.097,0.097,1.68,23940.0,Linux/UNIX,77600.0,0.04,0.171853881279,17.6718538813,15520.0,17.46,14.9289369863,5615.594,598500.0,5648.19479087,683031.911111,0,18,6311.11111111
118,us-east-1a,20,0.0071,c3.8xlarge,4,5000,0.097,0.097,1.68,23940.0,Linux/UNIX,194000.0,0.1,1.07408675799,44.824086758,38800.0,43.65,38.6934575342,14089.424,1508220.0,14172.9415443,1718308.17778,0,18,15777.7777778
119,us-east-1a,20,0.0071,c3.8xlarge,4,10000,0.097,0.097,1.68,23940.0,Linux/UNIX,388000.0,0.2,4.29634703196,91.796347032,77600.0,87.3,80.913309589,27977.066,2992500.0,28149.7756566,3412676.35556,0,18,31555.5555556
120,us-east-1b,20,0.0071,c3.8xlarge,4,50,0.097,0.097,1.68,23940.0,Linux/UNIX,1940.0,0.001,0.000107408675799,0.437607408676,388.0,0.4365,0.407916849315,153.062,23940.0,153.907524258,26425.7777778,0,18,157.777777778
121,us-east-1b,20,0.0071,c3.8xlarge,4,100,0.097,0.097,1.68,23940.0,Linux/UNIX,3880.0,0.002,0.000429634703196,0.875429634703,776.0,0.873,1.2244630137,470.764,47880.0,472.863892648,52230.7555556,0,18,315.555555556
122,us-east-1b,20,0.0071,c3.8xlarge,4,200,0.097,0.097,1.68,23940.0,Linux/UNIX,7760.0,0.004,0.00171853881279,1.75171853881,1552.0,1.746,1.75654520548,672.546,71820.0,676.054263744,80521.5111111,0,18,631.111111111
123,us-east-1b,20,0.0071,c3.8xlarge,4,500,0.097,0.097,1.68,23940.0,Linux/UNIX,19400.0,0.01,0.0107408675799,4.38574086758,3880.0,4.365,4.13464109589,1580.448,167580.0,1588.96838196,188712.977778,0,18,1577.77777778
124,us-east-1b,20,0.0071,c3.8xlarge,4,1000,0.097,0.097,1.68,23940.0,Linux/UNIX,38800.0,0.02,0.0429634703196,8.79296347032,7760.0,8.73,7.6914630137,2925.488,311220.0,2941.97242648,353485.955556,0,18,3155.55555556
125,us-east-1b,20,0.0071,c3.8xlarge,4,2000,0.097,0.097,1.68,23940.0,Linux/UNIX,77600.0,0.04,0.171853881279,17.6718538813,15520.0,17.46,14.9289369863,5615.594,598500.0,5648.19479087,683031.911111,0,18,6311.11111111
126,us-east-1b,20,0.0071,c3.8xlarge,4,5000,0.097,0.097,1.68,23940.0,Linux/UNIX,194000.0,0.1,1.07408675799,44.824086758,38800.0,43.65,38.6934575342,14089.424,1508220.0,14172.9415443,1718308.17778,0,18,15777.7777778
127,us-east-1b,20,0.0071,c3.8xlarge,4,10000,0.097,0.097,1.68,23940.0,Linux/UNIX,388000.0,0.2,4.29634703196,91.796347032,77600.0,87.3,80.913309589,27977.066,2992500.0,28149.7756566,3412676.35556,0,18,31555.5555556
128,us-east-1c,20,0.0071,c3.8xlarge,4,50,0.097,0.097,1.68,23940.0,Linux/UNIX,1940.0,0.001,0.000107408675799,0.437607408676,388.0,0.4365,0.407916849315,153.062,23940.0,153.907524258,26425.7777778,0,18,157.777777778
129,us-east-1c,20,0.0071,c3.8xlarge,4,100,0.097,0.097,1.68,23940.0,Linux/UNIX,3880.0,0.002,0.000429634703196,0.875429634703,776.0,0.873,1.2244630137,470.764,47880.0,472.863892648,52230.7555556,0,18,315.555555556
130,us-east-1c,20,0.0071,c3.8xlarge,4,200,0.097,0.097,1.68,23940.0,Linux/UNIX,7760.0,0.004,0.00171853881279,1.75171853881,1552.0,1.746,1.75654520548,672.546,71820.0,676.054263744,80521.5111111,0,18,631.111111111
131,us-east-1c,20,0.0071,c3.8xlarge,4,500,0.097,0.097,1.68,23940.0,Linux/UNIX,19400.0,0.01,0.0107408675799,4.38574086758,3880.0,4.365,4.13464109589,1580.448,167580.0,1588.96838196,188712.977778,0,18,1577.77777778
132,us-east-1c,20,0.0071,c3.8xlarge,4,1000,0.097,0.097,1.68,23940.0,Linux/UNIX,38800.0,0.02,0.0429634703196,8.79296347032,7760.0,8.73,7.6914630137,2925.488,311220.0,2941.97242648,353485.955556,0,18,3155.55555556
133,us-east-1c,20,0.0071,c3.8xlarge,4,2000,0.097,0.097,1.68,23940.0,Linux/UNIX,77600.0,0.04,0.171853881279,17.6718538813,15520.0,17.46,14.9289369863,5615.594,598500.0,5648.19479087,683031.911111,0,18,6311.11111111
134,us-east-1c,20,0.0071,c3.8xlarge,4,5000,0.097,0.097,1.68,23940.0,Linux/UNIX,194000.0,0.1,1.07408675799,44.824086758,38800.0,43.65,38.6934575342,14089.424,1508220.0,14172.9415443,1718308.17778,0,18,15777.7777778
135,us-east-1c,20,0.0071,c3.8xlarge,4,10000,0.097,0.097,1.68,23940.0,Linux/UNIX,388000.0,0.2,4.29634703196,91.796347032,77600.0,87.3,80.913309589,27977.066,2992500.0,28149.7756566,3412676.35556,0,18,31555.5555556
136,us-east-1e,20,0.0071,c3.8xlarge,4,50,0.097,0.097,1.68,23940.0,Linux/UNIX,1940.0,0.001,0.000107408675799,0.437607408676,388.0,0.4365,0.407916849315,153.062,23940.0,153.907524258,26425.7777778,0,18,157.777777778
137,us-east-1e,20,0.0071,c3.8xlarge,4,100,0.097,0.097,1.68,23940.0,Linux/UNIX,3880.0,0.002,0.000429634703196,0.875429634703,776.0,0.873,1.2244630137,470.764,47880.0,472.863892648,52230.7555556,0,18,315.555555556
138,us-east-1e,20,0.0071,c3.8xlarge,4,200,0.097,0.097,1.68,23940.0,Linux/UNIX,7760.0,0.004,0.00171853881279,1.75171853881,1552.0,1.746,1.75654520548,672.546,71820.0,676.054263744,80521.5111111,0,18,631.111111111
139,us-east-1e,20,0.0071,c3.8xlarge,4,500,0.097,0.097,1.68,23940.0,Linux/UNIX,19400.0,0.01,0.0107408675799,4.38574086758,3880.0,4.365,4.13464109589,1580.448,167580.0,1588.96838196,188712.977778,0,18,1577.77777778
140,us-east-1e,20,0.0071,c3.8xlarge,4,1000,0.097,0.097,1.68,23940.0,Linux/UNIX,38800.0,0.02,0.0429634703196,8.79296347032,7760.0,8.73,7.6914630137,2925.488,311220.0,2941.97242648,353485.955556,0,18,3155.55555556
141,us-east-1e,20,0.0071,c3.8xlarge,4,2000,0.097,0.097,1.68,23940.0,Linux/UNIX,77600.0,0.04,0.171853881279,17.6718538813,15520.0,17.46,14.9289369863,5615.594,598500.0,5648.19479087,683031.911111,0,18,6311.11111111
142,us-east-1e,20,0.0071,c3.8xlarge,4,5000,0.097,0.097,1.68,23940.0,Linux/UNIX,194000.0,0.1,1.07408675799,44.824086758,38800.0,43.65,38.6934575342,14089.424,1508220.0,14172.9415443,1718308.17778,0,18,15777.7777778
143,us-east-1e,20,0.0071,c3.8xlarge,4,10000,0.097,0.097,1.68,23940.0,Linux/UNIX,388000.0,0.2,4.29634703196,91.796347032,77600.0,87.3,80.913309589,27977.066,2992500.0,28149.7756566,3412676.35556,0,18,31555.5555556
144,us-west-1a,20,0.0071,c3.8xlarge,4,50,0.097,0.097,1.912,23940.0,Linux/UNIX,1940.0,0.0011,0.000118149543379,0.437718149543,388.0,0.4365,0.489500219178,174.23,23940.0,175.157218369,26425.7777778,0,18,157.777777778
145,us-west-1a,20,0.0071,c3.8xlarge,4,100,0.097,0.097,1.912,23940.0,Linux/UNIX,3880.0,0.0022,0.000472598173516,0.875672598174,776.0,0.873,1.46935561644,535.836,47880.0,538.181028215,52230.7555556,0,18,315.555555556
146,us-west-1a,20,0.0071,c3.8xlarge,4,200,0.097,0.097,1.912,23940.0,Linux/UNIX,7760.0,0.0044,0.00189039269406,1.75229039269,1552.0,1.746,2.10785424658,765.514,71820.0,769.374144639,80521.5111111,0,18,631.111111111
147,us-west-1a,20,0.0071,c3.8xlarge,4,500,0.097,0.097,1.912,23940.0,Linux/UNIX,19400.0,0.011,0.0118149543379,4.38781495434,3880.0,4.365,4.96156931507,1798.912,167580.0,1808.26138427,188712.977778,0,18,1577.77777778
148,us-west-1a,20,0.0071,c3.8xlarge,4,1000,0.097,0.097,1.912,23940.0,Linux/UNIX,38800.0,0.022,0.0472598173516,8.79925981735,7760.0,8.73,9.22975561644,3329.872,311220.0,3347.90101543,353485.955556,0,18,3155.55555556
149,us-west-1a,20,0.0071,c3.8xlarge,4,2000,0.097,0.097,1.912,23940.0,Linux/UNIX,77600.0,0.044,0.189039269406,17.6930392694,15520.0,17.46,17.9147243836,6391.826,598500.0,6427.43376365,683031.911111,0,18,6311.11111111
150,us-west-1a,20,0.0071,c3.8xlarge,4,5000,0.097,0.097,1.912,23940.0,Linux/UNIX,194000.0,0.11,1.18149543379,44.9414954338,38800.0,43.65,46.4321490411,16036.976,1508220.0,16128.3496445,1718308.17778,0,18,15777.7777778
151,us-west-1a,20,0.0071,c3.8xlarge,4,10000,0.097,0.097,1.912,23940.0,Linux/UNIX,388000.0,0.22,4.72598173516,92.2459817352,77600.0,87.3,97.0959715068,31844.274,2992500.0,32033.6159532,3412676.35556,0,18,31555.5555556
152,us-west-1b,20,0.0071,c3.8xlarge,4,50,0.097,0.097,1.912,23940.0,Linux/UNIX,1940.0,0.0011,0.000118149543379,0.437718149543,388.0,0.4365,0.489500219178,174.23,23940.0,175.157218369,26425.7777778,0,18,157.777777778
153,us-west-1b,20,0.0071,c3.8xlarge,4,100,0.097,0.097,1.912,23940.0,Linux/UNIX,3880.0,0.0022,0.000472598173516,0.875672598174,776.0,0.873,1.46935561644,535.836,47880.0,538.181028215,52230.7555556,0,18,315.555555556
154,us-west-1b,20,0.0071,c3.8xlarge,4,200,0.097,0.097,1.912,23940.0,Linux/UNIX,7760.0,0.0044,0.00189039269406,1.75229039269,1552.0,1.746,2.10785424658,765.514,71820.0,769.374144639,80521.5111111,0,18,631.111111111
155,us-west-1b,20,0.0071,c3.8xlarge,4,500,0.097,0.097,1.912,23940.0,Linux/UNIX,19400.0,0.011,0.0118149543379,4.38781495434,3880.0,4.365,4.96156931507,1798.912,167580.0,1808.26138427,188712.977778,0,18,1577.77777778
156,us-west-1b,20,0.0071,c3.8xlarge,4,1000,0.097,0.097,1.912,23940.0,Linux/UNIX,38800.0,0.022,0.0472598173516,8.79925981735,7760.0,8.73,9.22975561644,3329.872,311220.0,3347.90101543,353485.955556,0,18,3155.55555556
157,us-west-1b,20,0.0071,c3.8xlarge,4,2000,0.097,0.097,1.912,23940.0,Linux/UNIX,77600.0,0.044,0.189039269406,17.6930392694,15520.0,17.46,17.9147243836,6391.826,598500.0,6427.43376365,683031.911111,0,18,6311.11111111
158,us-west-1b,20,0.0071,c3.8xlarge,4,5000,0.097,0.097,1.912,23940.0,Linux/UNIX,194000.0,0.11,1.18149543379,44.9414954338,38800.0,43.65,46.4321490411,16036.976,1508220.0,16128.3496445,1718308.17778,0,18,15777.7777778
159,us-west-1b,20,0.0071,c3.8xlarge,4,10000,0.097,0.097,1.912,23940.0,Linux/UNIX,388000.0,0.22,4.72598173516,92.2459817352,77600.0,87.3,97.0959715068,31844.274,2992500.0,32033.6159532,3412676.35556,0,18,31555.5555556
160,us-west-2a,20,0.0071,c3.8xlarge,4,50,0.097,0.097,1.68,23940.0,Linux/UNIX,1940.0,0.001,0.000107408675799,0.437607408676,388.0,0.4365,0.407916849315,153.062,23940.0,153.907524258,26425.7777778,0,18,157.777777778
161,us-west-2a,20,0.0071,c3.8xlarge,4,100,0.097,0.097,1.68,23940.0,Linux/UNIX,3880.0,0.002,0.000429634703196,0.875429634703,776.0,0.873,1.2244630137,470.764,47880.0,472.863892648,52230.7555556,0,18,315.555555556
162,us-west-2a,20,0.0071,c3.8xlarge,4,200,0.097,0.097,1.68,23940.0,Linux/UNIX,7760.0,0.004,0.00171853881279,1.75171853881,1552.0,1.746,1.75654520548,672.546,71820.0,676.054263744,80521.5111111,0,18,631.111111111
163,us-west-2a,20,0.0071,c3.8xlarge,4,500,0.097,0.097,1.68,23940.0,Linux/UNIX,19400.0,0.01,0.0107408675799,4.38574086758,3880.0,4.365,4.13464109589,1580.448,167580.0,1588.96838196,188712.977778,0,18,1577.77777778
164,us-west-2a,20,0.0071,c3.8xlarge,4,1000,0.097,0.097,1.68,23940.0,Linux/UNIX,38800.0,0.02,0.0429634703196,8.79296347032,7760.0,8.73,7.6914630137,2925.488,311220.0,2941.97242648,353485.955556,0,18,3155.55555556
165,us-west-2a,20,0.0071,c3.8xlarge,4,2000,0.097,0.097,1.68,23940.0,Linux/UNIX,77600.0,0.04,0.171853881279,17.6718538813,15520.0,17.46,14.9289369863,5615.594,598500.0,5648.19479087,683031.911111,0,18,6311.11111111
166,us-west-2a,20,0.0071,c3.8xlarge,4,5000,0.097,0.097,1.68,23940.0,Linux/UNIX,194000.0,0.1,1.07408675799,44.824086758,38800.0,43.65,38.6934575342,14089.424,1508220.0,14172.9415443,1718308.17778,0,18,15777.7777778
167,us-west-2a,20,0.0071,c3.8xlarge,4,10000,0.097,0.097,1.68,23940.0,Linux/UNIX,388000.0,0.2,4.29634703196,91.796347032,77600.0,87.3,80.913309589,27977.066,2992500.0,28149.7756566,3412676.35556,0,18,31555.5555556
168,us-west-2b,20,0.0071,c3.8xlarge,4,50,0.097,0.097,1.68,23940.0,Linux/UNIX,1940.0,0.001,0.000107408675799,0.437607408676,388.0,0.4365,0.407916849315,153.062,23940.0,153.907524258,26425.7777778,0,18,157.777777778
169,us-west-2b,20,0.0071,c3.8xlarge,4,100,0.097,0.097,1.68,23940.0,Linux/UNIX,3880.0,0.002,0.000429634703196,0.875429634703,776.0,0.873,1.2244630137,470.764,47880.0,472.863892648,52230.7555556,0,18,315.555555556
170,us-west-2b,20,0.0071,c3.8xlarge,4,200,0.097,0.097,1.68,23940.0,Linux/UNIX,7760.0,0.004,0.00171853881279,1.75171853881,1552.0,1.746,1.75654520548,672.546,71820.0,676.054263744,80521.5111111,0,18,631.111111111
171,us-west-2b,20,0.0071,c3.8xlarge,4,500,0.097,0.097,1.68,23940.0,Linux/UNIX,19400.0,0.01,0.0107408675799,4.38574086758,3880.0,4.365,4.13464109589,1580.448,167580.0,1588.96838196,188712.977778,0,18,1577.77777778
172,us-west-2b,20,0.0071,c3.8xlarge,4,1000,0.097,0.097,1.68,23940.0,Linux/UNIX,38800.0,0.02,0.0429634703196,8.79296347032,7760.0,8.73,7.6914630137,2925.488,311220.0,2941.97242648,353485.955556,0,18,3155.55555556
173,us-west-2b,20,0.0071,c3.8xlarge,4,2000,0.097,0.097,1.68,23940.0,Linux/UNIX,77600.0,0.04,0.171853881279,17.6718538813,15520.0,17.46,14.9289369863,5615.594,598500.0,5648.19479087,683031.911111,0,18,6311.11111111
174,us-west-2b,20,0.0071,c3.8xlarge,4,5000,0.097,0.097,1.68,23940.0,Linux/UNIX,194000.0,0.1,1.07408675799,44.824086758,38800.0,43.65,38.6934575342,14089.424,1508220.0,14172.9415443,1718308.17778,0,18,15777.7777778
175,us-west-2b,20,0.0071,c3.8xlarge,4,10000,0.097,0.097,1.68,23940.0,Linux/UNIX,388000.0,0.2,4.29634703196,91.796347032,77600.0,87.3,80.913309589,27977.066,2992500.0,28149.7756566,3412676.35556,0,18,31555.5555556
176,us-west-2c,20,0.0071,c3.8xlarge,4,50,0.097,0.097,1.68,23940.0,Linux/UNIX,1940.0,0.001,0.000107408675799,0.437607408676,388.0,0.4365,0.407916849315,153.062,23940.0,153.907524258,26425.7777778,0,18,157.777777778
177,us-west-2c,20,0.0071,c3.8xlarge,4,100,0.097,0.097,1.68,23940.0,Linux/UNIX,3880.0,0.002,0.000429634703196,0.875429634703,776.0,0.873,1.2244630137,470.764,47880.0,472.863892648,52230.7555556,0,18,315.555555556
178,us-west-2c,20,0.0071,c3.8xlarge,4,200,0.097,0.097,1.68,23940.0,Linux/UNIX,7760.0,0.004,0.00171853881279,1.75171853881,1552.0,1.746,1.75654520548,672.546,71820.0,676.054263744,80521.5111111,0,18,631.111111111
179,us-west-2c,20,0.0071,c3.8xlarge,4,500,0.097,0.097,1.68,23940.0,Linux/UNIX,19400.0,0.01,0.0107408675799,4.38574086758,3880.0,4.365,4.13464109589,1580.448,167580.0,1588.96838196,188712.977778,0,18,1577.77777778
180,us-west-2c,20,0.0071,c3.8xlarge,4,1000,0.097,0.097,1.68,23940.0,Linux/UNIX,38800.0,0.02,0.0429634703196,8.79296347032,7760.0,8.73,7.6914630137,2925.488,311220.0,2941.97242648,353485.955556,0,18,3155.55555556
181,us-west-2c,20,0.0071,c3.8xlarge,4,2000,0.097,0.097,1.68,23940.0,Linux/UNIX,77600.0,0.04,0.171853881279,17.6718538813,15520.0,17.46,14.9289369863,5615.594,598500.0,5648.19479087,683031.911111,0,18,6311.11111111
182,us-west-2c,20,0.0071,c3.8xlarge,4,5000,0.097,0.097,1.68,23940.0,Linux/UNIX,194000.0,0.1,1.07408675799,44.824086758,38800.0,43.65,38.6934575342,14089.424,1508220.0,14172.9415443,1718308.17778,0,18,15777.7777778
183,us-west-2c,20,0.0071,c3.8xlarge,4,10000,0.097,0.097,1.68,23940.0,Linux/UNIX,388000.0,0.2,4.29634703196,91.796347032,77600.0,87.3,80.913309589,27977.066,2992500.0,28149.7756566,3412676.35556,0,18,31555.5555556
